{"rte": -0.05, "ed_n": 0.1905146182785954, "pd_n": 0.21898600980339775}