{"rte": -0.05, "ed_n": 0.1820447910579511, "pd_n": 0.19715031121985901}