{"rte": -0.05, "ed_n": 0.18839630139730174, "pd_n": 0.21470970766090297}