{"rte": -0.05, "ed_n": 0.19249296198804028, "pd_n": 0.2236620910248829}