{
    "rte" : 0.936788540820831,
    "ed_normalized" : 0.03942708147670803,
    "p_normalized" : 0.08492152581527934
}