{"rte": 0.940940208125853, "ed_normalized": 0.15873578082704395, "p_normalized": 0.2251828732061309}