{"rte": 0.8550053686919257, "ed_n": 0.055787358789938096, "pd_n": 0.12103755156512261}