{"rte": 0.8620735726188073, "ed_n": 0.05578735881969959, "pd_n": 0.12050034920894069}