{"rte": 0.8620735728634085, "ed_n": 0.05578735872593624, "pd_n": 0.12050034898805106}