{"rte": 0.8514567230637751, "ed_n": 0.055787358788501114, "pd_n": 0.12130725812967127}