{
    "rte" : 0.9841781884591358,
    "ed_normalized" : 0.10304485933450605,
    "p_normalized" : 0.14304944963350935
}