{"rte": 0.9564701169470126, "ed_normalized": 0.0839302797726202, "p_normalized": 0.11821522385743476}