{"rte": 0.947221414404508, "ed_n": 0.05996458409434799, "pd_n": 0.09995698279792789}