{"rte": 0.9740021578226029, "ed_n": 0.04128754052939652, "pd_n": 0.06867671020404804}