{"rte": 0.834322026374265, "ed_n": 0.07051645496876327, "pd_n": 0.12917966568542455}