{"rte": 0.999212, "ed_n": 0.07512410424075344, "pd_n": 0.11663595276535546}