{"rte": 0.9740021578226029, "ed_normalized": 0.04128754052939652, "p_normalized": 0.06867671020404804}