{"rte": 1.0, "ed_n": 1.3546228892670168e-08, "pd_n": 1.3546228892670172e-08}