{"rte": 0.9201821821421616, "ed_n": 0.049701721224012806, "pd_n": 0.10575656822324081}