{"rte": 1.0, "ed_n": 1.3546511891105261e-08, "pd_n": 1.3546511891105268e-08}