{"rte": 0.8721274565993146, "ed_n": 0.07972130245456624, "pd_n": 0.1711314534036299}