{"rte": 0.8959040910852525, "ed_n": 0.06477094514925918, "pd_n": 0.13706768516168508}