{"rte": 1.0, "ed_n": 1.3546680803355952e-08, "pd_n": 1.3546680803355956e-08}