{"rte": 0.8181376992393384, "ed_normalized": 0.0925517957347139, "p_normalized": 0.20701819097553825}