{"rte": 0.9766789531204425, "ed_normalized": 0.10315730820754053, "p_normalized": 0.14375972567038978}