{
    "casename": "houston",
    "system_type": "WWT",
    "daily_rtes": [
        0.9769346614553769,
        0.9333813487572047,
        0.9220804218745845
    ],
    "daily_ed": [
        19689.69185689761,
        18939.085507858406,
        15302.117420995197
    ],
    "daily_ed_normalized": [
        0.02181028772806841,
        0.02142103705843751,
        0.0171652597460162
    ],
    "daily_p": [
        53.55410692011108,
        52.72838571748754,
        44.30184240980763
    ],
    "daily_p_normalized": [
        0.03622354569390554,
        0.03697095867003202,
        0.028146024402673206
    ],
    "daily_benefit": [
        0.0,
        0.0,
        0.0
    ],
    "daily_baseline_electricity_cost": [
        0.0,
        0.0,
        0.0
    ],
    "annualized_rte": 0.947621998449655,
    "annualized_discharge_capacity": 2588682.9497160586,
    "annualized_power_capacity": 50.25344220532099,
    "annualized_reference_cost": 1000000,
    "annualized_benefit": 947.6183653420976
}