{"rte": -0.05, "ed_normalized": 0.2682215680077553, "p_normalized": 0.3991654564520543}