{"rte": 0.8343573216400559, "ed_normalized": 0.09682571098838032, "p_normalized": 0.21287396570741934}