{"rte": 0.8156458571784098, "ed_normalized": 0.13388235922818045, "p_normalized": 0.2483217032423047}