{"rte": -0.05, "ed_normalized": 0.2363674720672011, "p_normalized": 0.3228277359972323}