{"rte": 0.8620735726181609, "ed_normalized": 0.05578735881971861, "p_normalized": 0.12050034920903031}