{
    "rte" : -0.05,
    "ed_normalized" : 0.1792554231192349,
    "p_normalized" : 0.19118068762842885
}