{"rte": 0.999212, "ed_normalized": 0.07512410424075344, "p_normalized": 0.11663595276535546}