{"rte": -0.05, "ed_n": 0.19553680459806816, "pd_n": 0.22971824191716889}