{"rte": -0.05, "ed_n": 0.1883963013970069, "pd_n": 0.21470970766067884}