{"rte": -0.05, "ed_n": 0.18839630139700694, "pd_n": 0.2147097076606399}