{"rte": -0.05, "ed_n": 0.20565645814129405, "pd_n": 0.25098861496944447}