{"rte": 0.9198126640959607, "ed_n": 0.034834518529519666, "pd_n": 0.0743190170782278}