{"rte": 0.9391012861318335, "ed_n": 0.025135914689878514, "pd_n": 0.05190183979409553}