{"rte": 0.9794858530759523, "ed_n": 0.008552731638682528, "pd_n": 0.017284589900671464}