{"rte": 0.8598478807657667, "ed_n": 0.061977893058851555, "pd_n": 0.13405796029545983}