{"rte": -0.05, "ed_normalized": 0.2238853099314578, "p_normalized": 0.28843880990082343}