{"rte": 0.9639103249690224, "ed_normalized": 0.10564280536119175, "p_normalized": 0.14856294170543524}