{
    "casename": "tampa",
    "system_type": "AWT_nominal",
    "daily_rtes": [
        1.0,
        0.8380464732211705,
        0.8280793032377697
    ],
    "daily_ed": [
        0.0005670173183602856,
        3736.0991560711554,
        4203.111545117522
    ],
    "daily_ed_normalized": [
        1.3546706220726259e-08,
        0.08925977397861459,
        0.10041724559543524
    ],
    "daily_p": [
        2.3625721598345233e-05,
        341.42517235282565,
        386.6186283319673
    ],
    "daily_p_normalized": [
        1.3546706220726264e-08,
        0.1957691106691324,
        0.2216824978518391
    ],
    "daily_benefit": [
        -9999.996167506477,
        29965.23991178343,
        27296.596939447794
    ],
    "daily_baseline_electricity_cost": [
        936425.619944079,
        1204243.8006481829,
        1219394.0991916629
    ],
    "annualized_rte": 0.8804851320548697,
    "annualized_discharge_capacity": 1042371.7232503665,
    "annualized_power_capacity": 262.0272674007259,
    "annualized_reference_cost": 1000000,
    "annualized_benefit": 17357.065884056152
}