{
    "casename": "tampa",
    "system_type": "AWT_curtailed",
    "daily_rtes": [
        -0.05,
        -0.05,
        -0.05
    ],
    "daily_ed": [
        7502.999432937526,
        9371.049029690892,
        9254.295788767264
    ],
    "daily_ed_normalized": [
        0.1792554227200821,
        0.22388531015657925,
        0.22109593882012019
    ],
    "daily_p": [
        333.4228717908698,
        503.0429480375057,
        492.2032094417545
    ],
    "daily_p_normalized": [
        0.19118068722769302,
        0.28843881043402525,
        0.28222343395738064
    ],
    "daily_benefit": [
        -49972.90390024465,
        37635.78661638638,
        54558.02877548622
    ],
    "daily_baseline_electricity_cost": [
        936425.619944079,
        1204243.8006481829,
        1219394.0991916629
    ],
    "annualized_rte": -0.05,
    "annualized_discharge_capacity": 3206541.195557681,
    "annualized_power_capacity": 449.7340486609278,
    "annualized_reference_cost": 1000000,
    "annualized_benefit": 19480.357312103963
}