{
    "casename": "tampa",
    "system_type": "WSD",
    "daily_rtes": [
        0.9987925674497586,
        0.9674785925866565,
        0.9460290859586252
    ],
    "daily_ed": [
        189.24540354944503,
        219.51906654814928,
        214.12622761320887
    ],
    "daily_ed_normalized": [
        0.10050749004610586,
        0.11658571348209247,
        0.11372159791887268
    ],
    "daily_p": [
        15.77998268301125,
        18.600715793934754,
        18.35284776065039
    ],
    "daily_p_normalized": [
        0.13849808761983723,
        0.16325515797894805,
        0.1610796645527776
    ],
    "daily_benefit": [
        383.23367887709855,
        6002.817454654551,
        5891.373959445421
    ],
    "daily_baseline_electricity_cost": [
        44351.52155484412,
        58954.01394228762,
        59377.16849153845
    ],
    "annualized_rte": 0.967554325061081,
    "annualized_discharge_capacity": 76126.0131570996,
    "annualized_power_capacity": 17.686050265972586,
    "annualized_reference_cost": 1000000,
    "annualized_benefit": 4339.815515672578
}