{
    "casename": "tampa",
    "system_type": "WWT",
    "daily_rtes": [
        0.8999140454845792,
        0.8319631386152233,
        0.8664250559217342
    ],
    "daily_ed": [
        31496.39046712331,
        81722.87508803201,
        51569.877949994974
    ],
    "daily_ed_normalized": [
        0.034888577407721215,
        0.09243259053117535,
        0.05784887971565742
    ],
    "daily_p": [
        89.3759710844655,
        241.87074806273847,
        154.29191172593167
    ],
    "daily_p_normalized": [
        0.06045315212416581,
        0.16958974390053294,
        0.09802535687797438
    ],
    "daily_benefit": [
        0.0,
        0.0,
        0.0
    ],
    "daily_baseline_electricity_cost": [
        0.0,
        0.0,
        0.0
    ],
    "annualized_rte": 0.8715931135430783,
    "annualized_discharge_capacity": 7909878.888247214,
    "annualized_power_capacity": 149.51094160572575,
    "annualized_reference_cost": 1000000,
    "annualized_benefit": 87808.00120540702
}