{
    "rte" : 0.824799260015348,
    "ed_normalized" : 0.06650898702926933,
    "p_normalized" : 0.11574735965815715
}