{"rte": 0.9987925674497586, "ed_normalized": 0.10050749004610586, "p_normalized": 0.13849808761983723}