{"rte": -0.05, "ed_n": 0.17925542302626452, "pd_n": 0.19118068734175592}