{
    "rte" : 1.0,
    "ed_normalized" : 1.3546091973495438e-08,
    "p_normalized" : 1.3546091973495443e-08
}