{"rte": -0.05, "ed_normalized": 0.2604517635146403, "p_normalized": 0.3771092152442556}