{"rte": 0.9154938089214454, "ed_normalized": 0.10041379576617743, "p_normalized": 0.1446677244738654}