{
    "rte": -0.05,
    "ed_normalized":0.1792554231192973,
    "p_normalized": 0.19118068762847018
}