{"rte": 0.9067434621855667, "ed_normalized": 0.06809340847018905, "p_normalized": 0.11948065967602799}