{
    "rte" : 0.947621998449655,
    "ed_normalized" : 0.02015959053514673,
    "p_normalized" : 0.03371205088917483
}