{"rte": 0.9067434621855667, "ed_n": 0.06809340847018905, "pd_n": 0.11948065967602799}