{"rte": 0.8156458571784098, "ed_n": 0.13388235922818045, "pd_n": 0.2483217032423047}