{"rte": 0.9313988370005477, "ed_n": 0.060109852675433374, "pd_n": 0.09804960850743794}