{"rte": 0.9423264021407372, "ed_n": 0.03446036434585116, "pd_n": 0.0582966347387467}