{"rte": 0.834322026374265, "ed_normalized": 0.07051645496876327, "p_normalized": 0.12917966568542455}