{"rte": 0.9639103249690224, "ed_n": 0.10564280536119175, "pd_n": 0.14856294170543524}