{"rte": 0.9507607872646964, "ed_n": 0.10994755690592038, "pd_n": 0.15533569478507886}