{"rte": 0.9766789531204425, "ed_n": 0.10315730820754053, "pd_n": 0.14375972567038978}