{"rte": 1.0008867812589046, "ed_n": 0.057835991407136626, "pd_n": 0.07961385825223594}