{"rte": 0.9529782778862761, "ed_n": 0.12332463190899674, "pd_n": 0.1740272127171205}