{"rte": 0.8620735727459498, "ed_normalized": 0.055787358770058346, "p_normalized": 0.12050034909217178}