{
    "rte" : 0.8297997052592295,
    "ed_normalized" : 0.03672496250257308,
    "p_normalized" : 0.0664652135057337
}