{
    "rte" : -0.05,
    "ed_normalized" : 0.20873611806637807,
    "p_normalized" : 0.25519260960283896
}