{
    "casename": "newyork",
    "system_type": "AWT_nominal",
    "daily_rtes": [
        1.0,
        0.8959040910852525,
        1.0,
        0.8721274565993146
    ],
    "daily_ed": [
        0.0005670162544788582,
        2711.0831982171044,
        0.0005670091844081071,
        3336.8523977302275
    ],
    "daily_ed_normalized": [
        1.3546680803355952e-08,
        0.06477094514925918,
        1.3546511891105261e-08,
        0.07972130245456624
    ],
    "daily_p": [
        2.3625677269952423e-05,
        239.0487338394495,
        2.362538268367113e-05,
        298.4566143944614
    ],
    "daily_p_normalized": [
        1.3546680803355956e-08,
        0.13706768516168508,
        1.3546511891105268e-08,
        0.1711314534036299
    ],
    "daily_benefit": [
        -9999.996462129102,
        1537.817307863219,
        -9999.998436365695,
        1715.445199883723
    ],
    "daily_baseline_electricity_cost": [
        914606.5565425683,
        1591914.4180572473,
        769026.1313997459,
        1051905.586729208
    ],
    "annualized_rte": 0.9201821821421616,
    "annualized_discharge_capacity": 759323.6114305481,
    "annualized_power_capacity": 184.44153119788683,
    "annualized_reference_cost": 1000000,
    "annualized_benefit": -1738.9412903331931
}