{
    "casename": "newyork",
    "system_type": "AWT_curtailed",
    "daily_rtes": [
        -0.05,
        -0.05,
        -0.05,
        -0.05
    ],
    "daily_ed": [
        7502.993496470704,
        11589.357892464857,
        7502.99944966622,
        11589.357644992568
    ],
    "daily_ed_normalized": [
        0.17925528089095374,
        0.2768833006901556,
        0.17925542311975018,
        0.2768832947777535
    ],
    "daily_p": [
        333.42240494145545,
        721.0361605815211,
        333.422886603207,
        721.0361336579545
    ],
    "daily_p_normalized": [
        0.19118041954182194,
        0.4134335114912388,
        0.19118069572091,
        0.41343349605358765
    ],
    "daily_benefit": [
        -96105.37372737954,
        -14170.217885117017,
        -73784.48325253715,
        -44256.806599254574
    ],
    "daily_baseline_electricity_cost": [
        914606.5565425683,
        1591914.4180572473,
        769026.1313997459,
        1051905.586729208
    ],
    "annualized_rte": -0.05,
    "annualized_discharge_capacity": 3801047.5560020404,
    "annualized_power_capacity": 609.530873385916,
    "annualized_reference_cost": 1000000,
    "annualized_benefit": -42771.56970689249
}