{
    "casename": "newyork",
    "system_type": "WSD",
    "daily_rtes": [
        1.0008867812589046,
        0.9529782778862761,
        0.9766789531204425,
        0.9507607872646964
    ],
    "daily_ed": [
        108.89930221623194,
        232.20776603314553,
        194.23474222523242,
        207.02009140206005
    ],
    "daily_ed_normalized": [
        0.057835991407136626,
        0.12332463190899674,
        0.10315730820754053,
        0.10994755690592038
    ],
    "daily_p": [
        9.070921672192485,
        19.82804564483779,
        16.379475129072286,
        17.698400143187087
    ],
    "daily_p_normalized": [
        0.07961385825223594,
        0.1740272127171205,
        0.14375972567038978,
        0.15533569478507886
    ],
    "daily_benefit": [
        1204.5716574258063,
        9030.320141911845,
        1091.5288989826386,
        8194.458116639868
    ],
    "daily_baseline_electricity_cost": [
        48103.40298170976,
        85104.26110906771,
        36353.20558839978,
        54696.60157639999
    ],
    "annualized_rte": 0.9639103249690224,
    "annualized_discharge_capacity": 72603.85860873279,
    "annualized_power_capacity": 16.92673659064443,
    "annualized_reference_cost": 1000000,
    "annualized_benefit": 6569.004844335936
}