{
    "casename": "newyork",
    "system_type": "WWT",
    "daily_rtes": [
        0.8297997052592295,
        0.8076363737836469,
        0.824799260015348
    ],
    "daily_ed": [
        33154.2253888378,
        80274.39655364145,
        59290.00458670749
    ],
    "daily_ed_normalized": [
        0.03672496250257308,
        0.09079429007835481,
        0.06650898702926933
    ],
    "daily_p": [
        98.26440461218965,
        241.4900912202635,
        182.18634410193934
    ],
    "daily_p_normalized": [
        0.0664652135057337,
        0.16932284309939694,
        0.11574735965815715
    ],
    "daily_benefit": [
        0.0,
        0.0,
        0.0
    ],
    "daily_baseline_electricity_cost": [
        0.0,
        0.0,
        0.0
    ],
    "annualized_rte": 0.8225419496003059,
    "annualized_discharge_capacity": 8290494.073400963,
    "annualized_power_capacity": 162.4157464907986,
    "annualized_reference_cost": 1000000,
    "annualized_benefit": 159661.0586984153
}