{
    "rte" : 1.0,
    "ed_normalized" : 1.3546342419335627e-08,
    "p_normalized" : 1.354634241933563e-08
}