{"rte": 0.9331052055227756, "ed_normalized": 0.11738877456627242, "p_normalized": 0.16745741091922547}