{"rte": 0.947621998449655, "ed_n": 0.02015959053514673, "pd_n": 0.03371205088917483}