{"rte": 0.9333813487572047, "ed_n": 0.02142103705843751, "pd_n": 0.03697095867003202}