{"rte": 0.9220804218745845, "ed_n": 0.0171652597460162, "pd_n": 0.028146024402673206}