{"rte": 0.9769346614553769, "ed_n": 0.02181028772806841, "pd_n": 0.03622354569390554}