{
    "rte" : 1.0,
    "ed_normalized" : 2.170456230276379e-07,
    "p_normalized" : 4.20541784452272e-07
}