{"rte": -0.05, "ed_normalized": 0.2571733881620547, "p_normalized": 0.4034428892279579}