{"rte": 0.9841781884591358, "ed_n": 0.10304485933450605, "pd_n": 0.14304944963350935}