{"rte": 0.9529782778862761, "ed_normalized": 0.12332463190899674, "p_normalized": 0.1740272127171205}