{
    "casename": "sanjose",
    "system_type": "AWT_curtailed",
    "daily_rtes": [
        -0.05,
        -0.05,
        -0.05
    ],
    "daily_ed": [
        8608.053610872445,
        7885.604357735898,
        7885.6043577359
    ],
    "daily_ed_normalized": [
        0.20565645814129405,
        0.1883963013970069,
        0.18839630139700694
    ],
    "daily_p": [
        437.729071923762,
        374.4579453485289,
        374.45794534846095
    ],
    "daily_p_normalized": [
        0.25098861496944447,
        0.21470970766067884,
        0.2147097076606399
    ],
    "daily_benefit": [
        655844.3175804202,
        159922.406121477,
        155432.9768655077
    ],
    "daily_baseline_electricity_cost": [
        2781716.376377211,
        1923350.3184867867,
        2054865.094918847
    ],
    "annualized_rte": -0.05,
    "annualized_discharge_capacity": 2987335.4277972216,
    "annualized_power_capacity": 400.633123739904,
    "annualized_reference_cost": 1000000,
    "annualized_benefit": 363584.0451929076
}