{
    "casename": "sanjose",
    "system_type": "AWT_nominal",
    "daily_rtes": [
        0.8598478807657667,
        0.9391012861318335,
        0.9794858530759523
    ],
    "daily_ed": [
        2594.175893921949,
        1052.1006885187865,
        357.98716524915875
    ],
    "daily_ed_normalized": [
        0.061977893058851555,
        0.025135914689878514,
        0.008552731638682528
    ],
    "daily_p": [
        233.79971458573144,
        90.51782753959192,
        30.144664118429574
    ],
    "daily_p_normalized": [
        0.13405796029545983,
        0.05190183979409553,
        0.017284589900671464
    ],
    "daily_benefit": [
        118851.42337548824,
        -6778.1133312002785,
        -9651.60229431321
    ],
    "daily_baseline_electricity_cost": [
        2781716.376377211,
        1923350.3184867867,
        2054865.094918847
    ],
    "annualized_rte": 0.9198126640959607,
    "annualized_discharge_capacity": 532188.25748634,
    "annualized_power_capacity": 129.6138248179077,
    "annualized_reference_cost": 1000000,
    "annualized_benefit": 44234.20006389613
}