{
    "casename": "sanjose",
    "system_type": "WSD",
    "daily_rtes": [
        0.9331052055227756,
        0.9624289584885413,
        0.9838251483236677
    ],
    "daily_ed": [
        221.03114906937006,
        268.90818843257375,
        178.4479347513194
    ],
    "daily_ed_normalized": [
        0.11738877456627242,
        0.14281608200402987,
        0.09477299680401659
    ],
    "daily_p": [
        19.079505644154413,
        22.846414251340775,
        14.992903855480252
    ],
    "daily_p_normalized": [
        0.16745741091922547,
        0.20051889449713137,
        0.13159003742682493
    ],
    "daily_benefit": [
        26143.852165065444,
        4798.239686240069,
        2557.3174717936367
    ],
    "daily_baseline_electricity_cost": [
        146256.6615331502,
        96192.27519315685,
        101425.84493457885
    ],
    "annualized_rte": 0.9574493652338969,
    "annualized_discharge_capacity": 79885.90488493264,
    "annualized_power_capacity": 18.663040366463722,
    "annualized_reference_cost": 1000000,
    "annualized_benefit": 12879.869752377515
}