{
    "casename": "sanjose",
    "system_type": "WWT",
    "daily_rtes": [
        0.9423264021407372,
        0.8156458571784098,
        0.9313988370005477
    ],
    "daily_ed": [
        31109.812199910935,
        118370.0603523104,
        53585.441607528104
    ],
    "daily_ed_normalized": [
        0.03446036434585116,
        0.13388235922818045,
        0.060109852675433374
    ],
    "daily_p": [
        86.18770333150381,
        354.1591298036086,
        154.3300837907073
    ],
    "daily_p_normalized": [
        0.0582966347387467,
        0.2483217032423047,
        0.09804960850743794
    ],
    "daily_benefit": [
        0.0,
        0.0,
        0.0
    ],
    "daily_baseline_electricity_cost": [
        0.0,
        0.0,
        0.0
    ],
    "annualized_rte": 0.9067434621855667,
    "annualized_discharge_capacity": 9747135.079667972,
    "annualized_power_capacity": 176.50754347248045,
    "annualized_reference_cost": 1000000,
    "annualized_benefit": 309212.0658751576
}