{"rte": 0.9507607872646964, "ed_normalized": 0.10994755690592038, "p_normalized": 0.15533569478507886}