{"rte": 0.967554325061081, "ed_normalized": 0.11076774354678288, "p_normalized": 0.15522730212008629}