{
    "rte" : 0.8666347826566667,
    "ed_normalized" : 0.08318418747792372,
    "p_normalized" : 0.1791694734860884
}