{"rte": -0.05, "ed_normalized": 0.20892959449592421, "p_normalized": 0.25812566769757755}