{"rte": 0.9423264021407372, "ed_normalized": 0.03446036434585116, "p_normalized": 0.0582966347387467}