{"rte": -0.05, "ed_n": 0.24879854010032737, "pd_n": 0.3494977133227557}