{"rte": -0.05, "ed_n": 0.2768832947777535, "pd_n": 0.41343349605358765}