{"rte": -0.05, "ed_n": 0.17925542311975018, "pd_n": 0.19118069572091}