{"rte": -0.05, "ed_n": 0.17925528089095374, "pd_n": 0.19118041954182194}