{"rte": -0.05, "ed_n": 0.2768833006901556, "pd_n": 0.4134335114912388}