{"rte": -0.05, "ed_normalized": 0.17925542312021925, "p_normalized": 0.19118068762893237}