{"rte": 0.947221414404508, "ed_normalized": 0.05996458409434799, "p_normalized": 0.09995698279792789}