{"rte": 0.7960793594998776, "ed_normalized": 0.11100966118890125, "p_normalized": 0.25045513212617204}