{"rte": 0.9838251483236677, "ed_normalized": 0.09477299680401659, "p_normalized": 0.13159003742682493}