{
    "rte" : 0.9333813487572047,
    "ed_normalized" : 0.02142103705843751,
    "p_normalized" : 0.03697095867003202
}