{"rte": -0.05, "ed_normalized": 0.1883963013973017, "p_normalized": 0.21470970766094793}