{"rte": -0.05, "ed_n": 0.20988497420048616, "pd_n": 0.2578721250611078}