{"rte": -0.05, "ed_n": 0.22109593882012019, "pd_n": 0.28222343395738064}