{"rte": -0.05, "ed_n": 0.22388531015657925, "pd_n": 0.28843881043402525}