{"rte": 0.940940208125853, "ed_n": 0.15873578082704395, "pd_n": 0.2251828732061309}