{"rte": 0.9564701169470126, "ed_n": 0.0839302797726202, "pd_n": 0.11821522385743476}