{"rte": 0.9154938089214454, "ed_n": 0.10041379576617743, "pd_n": 0.1446677244738654}