{"rte": 0.9478138292042187, "ed_n": 0.19039094641223003, "pd_n": 0.26941614755556076}