{
    "rte" : 0.8076363737836469,
    "ed_normalized" : 0.09079429007835481,
    "p_normalized" : 0.16932284309939694
}