{"rte": 0.7325087492433433, "ed_normalized": 0.11238083518692564, "p_normalized": 0.2657999381027766}