{"rte": 1.0008867812589046, "ed_normalized": 0.057835991407136626, "p_normalized": 0.07961385825223594}