{"rte": -0.05, "ed_normalized": 0.21395593053809323, "p_normalized": 0.27129929234720895}