{"rte": 0.967554325061081, "ed_n": 0.11076774354678288, "pd_n": 0.15522730212008629}