{"rte": 0.9460290859586252, "ed_n": 0.11372159791887268, "pd_n": 0.1610796645527776}