{"rte": 0.9987925674497586, "ed_n": 0.10050749004610586, "pd_n": 0.13849808761983723}