{"rte": 0.9674785925866565, "ed_n": 0.11658571348209247, "pd_n": 0.16325515797894805}