{
    "rte" : 0.8225419496003059,
    "ed_normalized" : 0.06030860395251517,
    "p_normalized" : 0.10886336077480954
}