{"rte": 0.8999140454845792, "ed_normalized": 0.034888577407721215, "p_normalized": 0.06045315212416581}