{"rte": 0.8804851320548697, "ed_n": 0.06822870778794708, "pd_n": 0.15024330150178083}