{"rte": 0.8280793032377697, "ed_n": 0.10041724559543524, "pd_n": 0.2216824978518391}