{"rte": 1.0, "ed_n": 1.3546706220726259e-08, "pd_n": 1.3546706220726264e-08}