{"rte": 0.8380464732211705, "ed_n": 0.08925977397861459, "pd_n": 0.1957691106691324}