{"rte": 0.8664250559217342, "ed_normalized": 0.05784887971565742, "p_normalized": 0.09802535687797438}