{"rte": -0.05, "ed_normalized": 0.3346503538087467, "p_normalized": 0.6317848085386698}