{"rte": -0.05, "ed_normalized": 0.17925542312136047, "p_normalized": 0.19118068762957427}