{"rte": 0.8225419496003059, "ed_n": 0.06030860395251517, "pd_n": 0.10886336077480954}