{"rte": 0.824799260015348, "ed_n": 0.06650898702926933, "pd_n": 0.11574735965815715}