{"rte": 0.8297997052592295, "ed_n": 0.03672496250257308, "pd_n": 0.0664652135057337}