{"rte": 0.8076363737836469, "ed_n": 0.09079429007835481, "pd_n": 0.16932284309939694}