{"rte": 0.8811959321808365, "ed_normalized": 0.04830500581205423, "p_normalized": 0.1031225600562121}