{"rte": 0.8319631386152233, "ed_normalized": 0.09243259053117535, "p_normalized": 0.16958974390053294}