{"rte": 0.9313988370005477, "ed_normalized": 0.060109852675433374, "p_normalized": 0.09804960850743794}