{"rte": 0.8350888879379181, "ed_normalized": 0.07413037281307946, "p_normalized": 0.16559608803535897}