{"rte": 0.8380464797558891, "ed_normalized": 0.08925977049009137, "p_normalized": 0.19576910218741145}