{
    "casename": "santabarbara",
    "system_type": "AWT_curtailed",
    "daily_rtes": [
        -0.05,
        -0.05,
        -0.05
    ],
    "daily_ed": [
        7885.604357748239,
        7619.752548350754,
        8057.076113652923
    ],
    "daily_ed_normalized": [
        0.18839630139730174,
        0.1820447910579511,
        0.19249296198804028
    ],
    "daily_p": [
        374.45794534891974,
        343.83401322906917,
        390.07107768919633
    ],
    "daily_p_normalized": [
        0.21470970766090297,
        0.19715031121985901,
        0.2236620910248829
    ],
    "daily_benefit": [
        1291196.6563079515,
        325279.38061920286,
        357557.0250869423
    ],
    "daily_baseline_electricity_cost": [
        3469093.92254674,
        2362257.629592816,
        2224650.9053850784
    ],
    "annualized_rte": -0.05,
    "annualized_discharge_capacity": 2910608.4139340334,
    "annualized_power_capacity": 381.91590023794015,
    "annualized_reference_cost": 1000000,
    "annualized_benefit": 577000.6699084681
}