{
    "casename": "santabarbara",
    "system_type": "AWT_nominal",
    "daily_rtes": [
        0.8620735726188073,
        0.8620735728634085,
        0.8514567230637751
    ],
    "daily_ed": [
        2335.0619760212994,
        2335.0619720966965,
        2335.0619747154415
    ],
    "daily_ed_normalized": [
        0.05578735881969959,
        0.05578735872593624,
        0.055787358788501114
    ],
    "daily_p": [
        210.15497468735873,
        210.1549743021229,
        211.56223968637633
    ],
    "daily_p_normalized": [
        0.12050034920894069,
        0.12050034898805106,
        0.12130725812967127
    ],
    "daily_benefit": [
        313659.9271762051,
        17272.054707874286,
        42020.972944144305
    ],
    "daily_baseline_electricity_cost": [
        3469093.92254674,
        2362257.629592816,
        2224650.9053850784
    ],
    "annualized_rte": 0.8550053686919257,
    "annualized_discharge_capacity": 852297.6207930897,
    "annualized_power_capacity": 211.09186614291497,
    "annualized_reference_cost": 1000000,
    "annualized_benefit": 104394.60823159592
}