{
    "casename": "santabarbara",
    "system_type": "WSD",
    "daily_rtes": [
        0.9154938089214454,
        0.9564701169470126,
        0.9478138292042187
    ],
    "daily_ed": [
        189.06898672909466,
        158.03219897642578,
        358.4868298811849
    ],
    "daily_ed_normalized": [
        0.10041379576617743,
        0.0839302797726202,
        0.19039094641223003
    ],
    "daily_p": [
        16.482929304081328,
        13.469024860899454,
        30.696323797769335
    ],
    "daily_p_normalized": [
        0.1446677244738654,
        0.11821522385743476,
        0.26941614755556076
    ],
    "daily_benefit": [
        19291.76717977161,
        2625.943427453114,
        8061.530039832238
    ],
    "daily_baseline_electricity_cost": [
        155301.9197717451,
        108740.34079136555,
        104179.86801183921
    ],
    "annualized_rte": 0.940940208125853,
    "annualized_discharge_capacity": 109092.42847073407,
    "annualized_power_capacity": 25.656540828615082,
    "annualized_reference_cost": 1000000,
    "annualized_benefit": 10217.105655562254
}