{"rte": 1.0, "ed_normalized": 1.3546571095543096e-08, "p_normalized": 1.35465710955431e-08}