{"rte": 0.8715931135430783, "ed_normalized": 0.05706722422669655, "p_normalized": 0.10051993410605739}