{"rte": 0.9624289584885413, "ed_normalized": 0.14281608200402987, "p_normalized": 0.20051889449713137}