{
    "rte" : -0.05,
    "ed_normalized" : 0.1792554231197549,
    "p_normalized" : 0.19118068762870208
}