{"rte": 0.8603359962972877, "ed_normalized": 0.07169098364573662, "p_normalized": 0.15502003642776616}