{"rte": 0.9460290859586252, "ed_normalized": 0.11372159791887268, "p_normalized": 0.1610796645527776}