{
    "rte" : -0.05,
    "ed_normalized" : 0.17925542311975018,
    "p_normalized" : 0.19118068762850474
}