{"rte": 0.9478138292042187, "ed_normalized": 0.19039094641223003, "p_normalized": 0.26941614755556076}