{"rte": 0.9574493652338969, "ed_normalized": 0.11623860305196687, "p_normalized": 0.163802169612635}