{"rte": 0.8715931135430783, "ed_n": 0.05706722422669655, "pd_n": 0.10051993410605739}