{"rte": 0.8664250559217342, "ed_n": 0.05784887971565742, "pd_n": 0.09802535687797438}