{"rte": 0.8999140454845792, "ed_n": 0.034888577407721215, "pd_n": 0.06045315212416581}