{"rte": 0.8319631386152233, "ed_n": 0.09243259053117535, "pd_n": 0.16958974390053294}