{
    "rte" : -0.05,
    "ed_normalized" : 0.24145457719810323,
    "p_normalized" : 0.3262347426610504
}