{"rte": 0.8830995416518479, "ed_normalized": 0.0667330539878182, "p_normalized": 0.14657508834563876}