{
    "rte": 1.0,
    "ed_normalized":1.3546111529497383e-08,
    "p_normalized": 1.3546111529497388e-08
}