{"rte": 0.9574493652338969, "ed_n": 0.11623860305196687, "pd_n": 0.163802169612635}