{"rte": 0.9624289584885413, "ed_n": 0.14281608200402987, "pd_n": 0.20051889449713137}