{"rte": 0.9838251483236677, "ed_n": 0.09477299680401659, "pd_n": 0.13159003742682493}