{"rte": 0.9331052055227756, "ed_n": 0.11738877456627242, "pd_n": 0.16745741091922547}